<?xml version="1.0" encoding="UTF-8"?>
<collection xmlns="http://exist.sourceforge.net/NS/exist" name="/db/liabolo/branchlist/inf" owner="user" group="liabolo" mode="700">
    <resource type="XMLResource" name="inf_CA0135" owner="user" group="liabolo" mode="754"/>
    <resource type="XMLResource" name="inf_CA0136" owner="user" group="liabolo" mode="754"/>
    <resource type="XMLResource" name="inf_CA0131" owner="user" group="liabolo" mode="754"/>
    <resource type="XMLResource" name="inf_CA0139" owner="user" group="liabolo" mode="754"/>
    <resource type="XMLResource" name="inf_CA0138" owner="user" group="liabolo" mode="754"/>
    <resource type="XMLResource" name="inf_CA0133" owner="user" group="liabolo" mode="754"/>
    <resource type="XMLResource" name="inf_CA0129" owner="user" group="liabolo" mode="754"/>
    <resource type="XMLResource" name="inf_CA0134" owner="user" group="liabolo" mode="754"/>
    <resource type="XMLResource" name="inf_CA0141" owner="user" group="liabolo" mode="754"/>
    <resource type="XMLResource" name="inf_CA0143" owner="user" group="liabolo" mode="754"/>
    <resource type="XMLResource" name="inf_CA0132" owner="user" group="liabolo" mode="754"/>
    <resource type="XMLResource" name="inf_CA0177" owner="user" group="liabolo" mode="754"/>
    <resource type="XMLResource" name="inf_CA0130" owner="user" group="liabolo" mode="754"/>
    <resource type="XMLResource" name="inf_CA0178" owner="user" group="liabolo" mode="754"/>
    <resource type="XMLResource" name="inf_CA0179" owner="user" group="liabolo" mode="754"/>
    <resource type="XMLResource" name="inf_CA0180" owner="user" group="liabolo" mode="754"/>
    <resource type="XMLResource" name="inf_CA0181" owner="user" group="liabolo" mode="754"/>
    <resource type="XMLResource" name="inf_CA0182" owner="user" group="liabolo" mode="754"/>
    <resource type="XMLResource" name="inf_CA0183" owner="user" group="liabolo" mode="754"/>
    <resource type="XMLResource" name="inf_CA0184" owner="user" group="liabolo" mode="754"/>
    <resource type="XMLResource" name="inf_CA0185" owner="user" group="liabolo" mode="754"/>
    <resource type="XMLResource" name="inf_CA0186" owner="user" group="liabolo" mode="754"/>
    <resource type="XMLResource" name="inf_CA0187" owner="user" group="liabolo" mode="754"/>
    <resource type="XMLResource" name="inf_CA0189" owner="user" group="liabolo" mode="754"/>
    <resource type="XMLResource" name="inf_CA0190" owner="user" group="liabolo" mode="754"/>
</collection>