<?xml version="1.0" encoding="UTF-8"?>
<collection xmlns="http://exist.sourceforge.net/NS/exist" name="/db/liabolo/branchlist" owner="user" group="liabolo" mode="700">
    <subcollection name="phy"/>
    <subcollection name="kla"/>
    <subcollection name="soz"/>
    <subcollection name="all"/>
    <subcollection name="ang"/>
    <subcollection name="inf"/>
    <subcollection name="kun"/>
    <subcollection name="bwl"/>
    <subcollection name="the"/>
    <subcollection name="elt"/>
    <subcollection name="nav"/>
    <subcollection name="vwl"/>
    <subcollection name="puz"/>
    <subcollection name="swl"/>
    <subcollection name="ing"/>
    <subcollection name="med"/>
    <subcollection name="spo"/>
    <subcollection name="bcp"/>
    <subcollection name="sow"/>
    <subcollection name="bel"/>
    <subcollection name="ver"/>
    <subcollection name="jur"/>
    <subcollection name="che"/>
    <subcollection name="vol"/>
    <subcollection name="hit"/>
    <subcollection name="ast"/>
    <subcollection name="bio"/>
    <subcollection name="bub"/>
    <subcollection name="his"/>
    <subcollection name="rom"/>
    <subcollection name="asl"/>
    <subcollection name="ger"/>
    <subcollection name="zoo"/>
    <subcollection name="ssl"/>
    <subcollection name="phi"/>
    <subcollection name="ska"/>
    <subcollection name="rel"/>
    <subcollection name="ori"/>
    <subcollection name="pae"/>
    <subcollection name="hbi"/>
    <subcollection name="psy"/>
    <subcollection name="geo"/>
    <subcollection name="hil"/>
    <subcollection name="etn"/>
    <subcollection name="mat"/>
    <subcollection name="bot"/>
    <subcollection name="not"/>
    <subcollection name="mus"/>
</collection>