<?xml version="1.0" encoding="UTF-8"?>
<collection xmlns="http://exist.sourceforge.net/NS/exist" name="/db/liabolo/individuallist" owner="user" group="liabolo" mode="700">
    <resource type="XMLResource" name="ungelesen" owner="user" group="liabolo" mode="754"/>
    <resource type="XMLResource" name="Geschäftsmodelle" owner="user" group="liabolo" mode="754"/>
    <resource type="XMLResource" name="Material P30" owner="user" group="liabolo" mode="754"/>
    <resource type="XMLResource" name="Geschäftsprozessmodellierung" owner="user" group="liabolo" mode="754"/>
    <resource type="XMLResource" name="P30-Pflichtliteratur" owner="user" group="liabolo" mode="754"/>
    <resource type="XMLResource" name="XML" owner="user" group="liabolo" mode="754"/>
    <resource type="XMLResource" name="Diplomarbeit" owner="user" group="liabolo" mode="754"/>
    <resource type="XMLResource" name="Forschungsmethodik" owner="user" group="liabolo" mode="754"/>
    <resource type="XMLResource" name="open_source" owner="user" group="liabolo" mode="754"/>
</collection>