<?xml version="1.0" encoding="UTF-8"?>
<collection xmlns="http://exist.sourceforge.net/NS/exist" name="/db/liabolo/branchlist/bwl" owner="user" group="liabolo" mode="700">
    <resource type="XMLResource" name="bwl_CA0140" owner="user" group="liabolo" mode="754"/>
    <resource type="XMLResource" name="bwl_CA0185" owner="user" group="liabolo" mode="754"/>
    <resource type="XMLResource" name="bwl_CA0186" owner="user" group="liabolo" mode="754"/>
    <resource type="XMLResource" name="bwl_CA0187" owner="user" group="liabolo" mode="754"/>
    <resource type="XMLResource" name="bwl_CA0188" owner="user" group="liabolo" mode="754"/>
    <resource type="XMLResource" name="bwl_CA0189" owner="user" group="liabolo" mode="754"/>
    <resource type="XMLResource" name="bwl_CA0190" owner="user" group="liabolo" mode="754"/>
    <resource type="XMLResource" name="bwl_CA0191" owner="user" group="liabolo" mode="754"/>
    <resource type="XMLResource" name="bwl_CA0192" owner="user" group="liabolo" mode="754"/>
    <resource type="XMLResource" name="bwl_CA0193" owner="user" group="liabolo" mode="754"/>
    <resource type="XMLResource" name="bwl_CA0194" owner="user" group="liabolo" mode="754"/>
    <resource type="XMLResource" name="bwl_CA0195" owner="user" group="liabolo" mode="754"/>
    <resource type="XMLResource" name="bwl_CA0197" owner="user" group="liabolo" mode="754"/>
    <resource type="XMLResource" name="bwl_CA0181" owner="user" group="liabolo" mode="754"/>
    <resource type="XMLResource" name="bwl_CA0182" owner="user" group="liabolo" mode="754"/>
</collection>