<?xml version="1.0" encoding="UTF-8"?>
<auth>
    <groups last-id="3">
        <group name="dba" id="1"/>
        <group name="guest" id="2"/>
        <group name="liabolo" id="3"/>
    </groups>
    <users last-id="3">
        <user name="admin" uid="1" password="5f4dcc3b5aa765d61d8327deb882cf99">
            <group>dba</group>
        </user>
        <user name="guest" uid="2" password="084e0343a0486ff05530df6c705c8bb4">
            <group>guest</group>
        </user>
        <user name="user" uid="3" password="5f4dcc3b5aa765d61d8327deb882cf99">
            <group>liabolo</group>
        </user>
    </users>
</auth>