<?xml version="1.0" encoding="UTF-8"?>
<collection xmlns="http://exist.sourceforge.net/NS/exist" name="/db/liabolo" owner="admin" group="liabolo" mode="770">
    <resource type="XMLResource" name="magazine-article" owner="user" group="liabolo" mode="754"/>
    <resource type="XMLResource" name="online-article" owner="user" group="liabolo" mode="754"/>
    <resource type="XMLResource" name="locations" owner="user" group="liabolo" mode="754"/>
    <resource type="XMLResource" name="magazine" owner="user" group="liabolo" mode="754"/>
    <resource type="XMLResource" name="branches" owner="user" group="liabolo" mode="754"/>
    <resource type="XMLResource" name="book-article" owner="user" group="liabolo" mode="754"/>
    <resource type="XMLResource" name="book" owner="user" group="liabolo" mode="754"/>
    <subcollection name="branchlist"/>
    <subcollection name="individuallist"/>
</collection>